stationID,location,name,waterType,provider,updateDate
51,臺中市大甲區中山路一段1419號,清泉淨水自助加水站,null,null,2021-05-06
52,臺中市大甲區中山路一段466-10號,正松泉加水站,null,null,2021-05-06
53,臺中市大甲區中山路一段759號,正松泉中大加水站,null,null,2021-05-06
56,臺中市大甲區中山路二段194-1號,捷聖加水站,null,null,2021-05-06
60,臺中市大甲區文武路258號,三義加水站,null,null,2021-05-06
61,臺中市大甲區水源路600巷6號,正松泉優質加水站,null,null,2021-05-06
62,臺中市大甲區光明路179號,埔里水,null,null,2021-05-06
63,臺中市大甲區光明路219號,優質埔里水,null,null,2021-05-06
64,臺中市大甲區如意路49號,正松泉加水站,null,null,2021-05-06
65,臺中市大甲區育英路184號,倢聖加水站,null,null,2021-05-06
66,臺中市大甲區育英路53號,山泉水加水站,null,null,2021-05-06
67,臺中市大甲區育英路雁門路口,山泉水加水站,null,null,2021-05-06
68,臺中市大甲區東安路430號,正松泉加水站,null,null,2021-05-06
69,臺中市大甲區東安路76號,優質埔里水,null,null,2021-05-06
71,臺中市大甲區青年路65號,火炎山正松泉加水站,null,null,2021-05-06
72,臺中市大甲區青年路77號,周淵龍加水站,null,null,2021-05-06
73,臺中市大甲區復興路171號,幸福水站大甲五福旗艦館,null,null,2021-05-06
74,臺中市大甲區復興路59號,幸福水屋(台中大甲店),null,null,2021-05-06
75,臺中市大甲區復興路59號.,幸福水屋,null,null,2021-05-06
76,臺中市大甲區順天路114號,正松泉加水站,null,null,2021-05-06
77,臺中市大甲區新政路61號,新華加水屋-新正店,null,null,2021-05-06
78,臺中市大甲區興安路35-4號,水吉加水站,null,null,2021-05-06
79,臺中市大甲區臨江路41號,周淵龍加水站,null,null,2021-05-06
80,臺中市大肚區遊園路二段21號,倢聖加水站,null,null,2021-05-06
81,臺中市大肚區遊園路二段229號,水之鄉礦泉水,null,null,2021-05-06
82,臺中市大里區三興街13號,捷聖水生活館,null,null,2021-05-06
83,臺中市大里區三興街73號,藍泉健康加水屋,null,null,2021-05-06
84,臺中市大里區大里路213號,真埔里水加水站,null,null,2021-05-06
85,臺中市大里區大新街35號,24H加水站(大新),null,null,2021-05-06
86,臺中市大里區大德街18號,龍之泉加水站,null,null,2021-05-06
90,臺中市大里區中興路二段98號,埔里聯合泉水,null,null,2021-05-06
91,臺中市大里區仁化路1028號,3水埔里甘泉,null,null,2021-05-06
92,臺中市大里區仁化路500號,幸福水屋(大台大里仁化店),null,null,2021-05-06
93,臺中市大里區仁化路508號,好美麗加水站,null,null,2021-05-06
94,臺中市大里區公教街209巷2號,埔里聯合泉水,null,null,2021-05-06
95,臺中市大里區公教街47號,龍之泉加水站,null,null,2021-05-06
96,臺中市大里區公教街62號,埔里松泉水,null,null,2021-05-06
97,臺中市大里區文芳街115號,青山礦泉水,null,null,2021-05-06
98,臺中市大里區永隆路249號1樓,松盟埔里礦泉水,null,null,2021-05-06
99,臺中市大里區永興路212號,凌科加水站,null,null,2021-05-06
100,臺中市大里區立仁二路61號,新革加水站,null,null,2021-05-06
101,臺中市大里區立仁路21號,加卡多加水站,null,null,2021-05-06
102,臺中市大里區立仁路33-2號,加卡多加水站,null,null,2021-05-06
103,臺中市大里區立仁路47號,埔里加水站-大里,null,null,2021-05-06
104,臺中市大里區立元路13號,優而美淨水加水站,null,null,2021-05-06
105,臺中市大里區立新街369號,新華加水站,null,null,2021-05-06
106,臺中市大里區金德街16號,幸福水屋,null,null,2021-05-06
108,臺中市大里區吉隆路27號,久福吉隆路加水站,null,null,2021-05-06
109,臺中市大里區好來五街90號,埔里聯合泉水加水站,null,null,2021-05-06
110,臺中市大里區成功路171號,玉美研成功加水站,null,null,2021-05-06
111,臺中市大里區成功路541號,水盟企業有限公司,null,null,2021-05-06
112,臺中市大里區至善路169號,中聯泉水有限公司,null,null,2021-05-06
113,臺中市大里區至聖路56號,海の泉加水站,null,null,2021-05-06
115,臺中市大里區西榮路230號,埔里聯合泉水加水站,null,null,2021-05-06
116,臺中市大里區東南路140號,埔里甘泉水,null,null,2021-05-06
117,臺中市大里區東興路201號,埔里聯合泉水加水站,null,null,2021-05-06
118,臺中市大里區東興路209號,埔里聯合泉水加油站,null,null,2021-05-06
120,臺中市大里區金德街16號,幸福水屋台中大里金德店,null,null,2021-05-06
121,臺中市大里區益民路一段177號,幸福水屋,null,null,2021-05-06
123,臺中市大里區健民路137號,水盟企業有限公司,null,null,2021-05-06
124,臺中市大里區國光路二段364號,水生活館加水站,null,null,2021-05-06
125,臺中市大里區國光路二段70號,幸福水屋自助加水站-大里國光站,null,null,2021-05-06
127,臺中市大里區現岱路162號,八重山麥飯石水,null,null,2021-05-06
129,臺中市大里區塗城路106號,水盟企業有限公司,null,null,2021-05-06
130,臺中市大里區塗城路264號,水盟企業有限公司,null,null,2021-05-06
131,臺中市大里區塗城路808號,埔里礦泉水,null,null,2021-05-06
132,臺中市大里區慈德路251號,水盟埔里活礦泉,null,null,2021-05-06
133,臺中市大里區新仁路一段99號,埔里水盟活礦泉,null,null,2021-05-06
134,臺中市大里區新仁路二段134號,健康加水站,null,null,2021-05-06
136,臺中市大里區新生西路152號,松盟埔里泉水,null,null,2021-05-06
137,臺中市大里區新生西路8號,泳泉加水站,null,null,2021-05-06
138,臺中市大里區新生路92號,藍泉健康加水屋,null,null,2021-05-06
139,臺中市大里區新甲路60號,埔里加水站,null,null,2021-05-06
140,臺中市大里區新芳路1號,幸福水屋台中大里新芳店,null,null,2021-05-06
141,臺中市大里區新南路156號,倢聖機能加水站,null,null,2021-05-06
142,臺中市大雅區大雅路300號,金埔里好水,null,null,2021-05-06
143,臺中市大雅區大榮街106巷12弄5號,大河馬加水站,null,null,2021-05-06
144,臺中市大雅區中山北路393號,青山礦泉水,null,null,2021-05-06
145,臺中市大雅區中山北路449號,水爸爸安潔淨環保科技,null,null,2021-05-06
146,臺中市大雅區中山路32號,森好埔里冷泉水,null,null,2021-05-06
147,臺中市大雅區中清東路218號,玉美研埔里水,null,null,2021-05-06
148,臺中市大雅區中清路三段1036號,林之泉礦泉水自動販賣機,null,null,2021-05-06
149,臺中市大雅區中清路三段997巷25號,埔里山泉水,null,null,2021-05-06
150,臺中市大雅區文化路6號,倢盛加水站,null,null,2021-05-06
151,臺中市大雅區月祥路883號,藍泉24H自助加水站,null,null,2021-05-06
152,臺中市大雅區民生路4段72號,幸福水屋國際有限公司-大雅民生店,null,null,2021-05-06
153,臺中市大雅區民生路一段291號,青山礦泉水,null,null,2021-05-06
154,臺中市大雅區民生路一段37號,幸福水屋,null,null,2021-05-06
155,臺中市大雅區民生路四段229-3號,青山礦泉水,null,null,2021-05-06
156,臺中市大雅區民富街160號,桃花源加水站,null,null,2021-05-06
157,臺中市大雅區永和路142-22號,盛源加水站,null,null,2021-05-06
162,臺中市大雅區雅楓街47號,水爸爸安潔淨環保科技,null,null,2021-05-06
164,臺中市大雅區雅環路一段195-3號,水沛純淨加水屋,null,null,2021-05-06
165,臺中市大雅區雅環路一段273-2號,自助加水站,null,null,2021-05-06
166,臺中市大雅區雅環路二段87號,幸福水屋(台中大雅雅環店),null,null,2021-05-06
167,臺中市大雅區學府路,青山礦泉水,null,null,2021-05-06
168,臺中市大雅區學府路225號,青山礦泉水,null,null,2021-05-06
170,臺中市大雅區學府路250號,青山礦泉水,null,null,2021-05-06
171,臺中市大雅區學府路255號,青山特級礦泉水,null,null,2021-05-06
172,臺中市大雅區學府路452號,青山礦泉水,null,null,2021-05-06
173,臺中市中區中山路285號,Wash House加水站,null,null,2021-05-06
174,臺中市中區公園路95號,優福加水站,null,null,2021-05-06
175,臺中市中區民權路164號,得力水純水加水站,null,null,2021-05-06
177,臺中市中區成功路133號,潔好加水站,null,null,2021-05-06
178,臺中市太平區大智街26號,新華加水站,null,null,2021-05-06
181,臺中市太平區中平9街138巷2號,日康加水站,null,null,2021-05-06
182,臺中市太平區中平路119號,UFO水生活館,null,null,2021-05-06
183,臺中市太平區中平路143號,加卡多加水站,null,null,2021-05-06
184,臺中市太平區中平路172號,新華加水站,null,null,2021-05-06
185,臺中市太平區中和街146號,水盟埔里活礦泉,null,null,2021-05-06
186,臺中市太平區中和街177號,倢聖壓水站,null,null,2021-05-06
188,臺中市太平區太平路321號,幸福水屋,null,null,2021-05-06
189,臺中市太平區太平路366號,野礦泉加水站,null,null,2021-05-06
190,臺中市太平區太平路402號,好美麗加水站,null,null,2021-05-06
191,臺中市太平區永成北路193號,優福水生活館,null,null,2021-05-06
192,臺中市太平區永豐北路130號,加卡多加水站,null,null,2021-05-06
193,臺中市太平區立智街39號,新華加水站,null,null,2021-05-06
194,臺中市太平區光興路649號,八仙埔里泉水,null,null,2021-05-06
195,臺中市太平區成功東路255號,野松露埔里礦泉水,null,null,2021-05-06
196,臺中市太平區成功東路301號,松發埔里泉水,null,null,2021-05-06
198,臺中市太平區成功東路88號,新華加水站,null,null,2021-05-06
199,臺中市太平區成功路492號,林之泉飲用水(股)公司,null,null,2021-05-06
200,臺中市太平區育賢路253號,沛泉加水站,null,null,2021-05-06
201,臺中市太平區宜佳街6號,24H加水站,null,null,2021-05-06
202,臺中市太平區宜昌路499號,日康加水站,null,null,2021-05-06
203,臺中市太平區宜欣二路85號,日康加水站,null,null,2021-05-06
204,臺中市太平區東平路500號,新華加水站東平站,null,null,2021-05-06
205,臺中市太平區振福路371號,加卡多加水站,null,null,2021-05-06
207,臺中市太平區振福路420號,日康淨水加水站,null,null,2021-05-06
208,臺中市太平區國風街80號,青山特級礦泉水,null,null,2021-05-06
209,臺中市太平區新平路一段167號,原水企業,null,null,2021-05-06
210,臺中市太平區新平路一段211號,倢聖加水站,null,null,2021-05-06
214,臺中市太平區新平路三段375號,沛泉加水站,null,null,2021-05-06
215,臺中市太平區溪洲路48巷2號,家湧泉連鎖加水站,null,null,2021-05-06
216,臺中市太平區樹孝路145號,倢聖加水站,null,null,2021-05-06
217,臺中市太平區樹孝路336巷5號,新華加水站,null,null,2021-05-06
218,臺中市北屯區九龍街103號,24H加水站,null,null,2021-05-06
220,臺中市北屯區大連路二段12號,幸福水屋加水站,null,null,2021-05-06
221,臺中市北屯區大連路三段148號,UFO加水站台中豐樂店,null,null,2021-05-06
222,臺中市北屯區大連路三段189號,新華淨水(加水站),null,null,2021-05-06
224,臺中市北屯區大連路三段23號,玉美研武界山泉水,null,null,2021-05-06
225,臺中市北屯區大連路三段77號,純活水呷水站,null,null,2021-05-06
226,臺中市北屯區大連路三段95號,埔里活泉水,null,null,2021-05-06
227,臺中市北屯區中清路二段742巷83號,水爸爸,null,null,2021-05-06
228,臺中市北屯區天津路三段146號,優福水超市-臺中天津館,null,null,2021-05-06
231,臺中市北屯區天津路四段13-1號,水專家加水站(天津站),null,null,2021-05-06
232,臺中市北屯區太原路三段191-1號,幸福水屋,null,null,2021-05-06
233,臺中市北屯區太原路三段342號,24H優仕淨水,null,null,2021-05-06
236,臺中市北屯區北屯路212巷58號,埔里聯合泉水,null,null,2021-05-06
237,臺中市北屯區北屯路417號,幸福水屋台中北屯二店,null,null,2021-05-06
238,臺中市北屯區北平路三段34號,水龍吟(泳泉企業),null,null,2021-05-06
239,臺中市北屯區四平路256號,悅恩純活水,null,null,2021-05-06
240,臺中市北屯區四平路318號,悅恩活純水,null,null,2021-05-06
241,臺中市北屯區四平路403號,石源加水站,null,null,2021-05-06
242,臺中市北屯區四平路415號,泳泉加水站,null,null,2021-05-06
243,臺中市北屯區四平路415號,湧泉家水站,null,null,2021-05-06
246,臺中市北屯區平德路168號,名人加水站,null,null,2021-05-06
247,臺中市北屯區平德路80號,荃薪芫榕淨水站,null,null,2021-05-06
250,臺中市北屯區同榮路68號,幸福水屋(台中北屯同興店),null,null,2021-05-06
252,臺中市北屯區后庄北路51號,青山泉水有限公司,null,null,2021-05-06
253,臺中市北屯區后庄路35巷1號,幸福水屋加水站-北屯后庄站,null,null,2021-05-06
255,臺中市北屯區至善路163號,水龍吟加水站,null,null,2021-05-06
257,臺中市北屯區東山路一段 208-1號,優福加水站,null,null,2021-05-06
258,臺中市北屯區東山路一段129號,水盟活礦泉,null,null,2021-05-06
260,臺中市北屯區東山路一段197-30號,水盟埔里活礦泉水,null,null,2021-05-06
261,臺中市北屯區東山路一段208-2號,埔里聯合泉水,null,null,2021-05-06
262,臺中市北屯區東山路一段216-10號,活淨水加水站,null,null,2021-05-06
263,臺中市北屯區東山路一段235號,玉美研真埔里水,null,null,2021-05-06
264,臺中市北屯區東山路一段243號,磁淨的水加水站,null,null,2021-05-06
266,臺中市北屯區東山路一段346號,幸福水屋,null,null,2021-05-06
267,臺中市北屯區東山路一段409號,NO.9加水站,null,null,2021-05-06
269,臺中市北屯區東山路二段78-12號,埔里松泉水加水站,null,null,2021-05-06
274,臺中市北屯區松義街116號,埔里活泉水,null,null,2021-05-06
275,臺中市北屯區松義街172號,WATER SHOP純活水,null,null,2021-05-06
276,臺中市北屯區軍和街、東山路一段293巷路口,新華加水站台中軍和店,null,null,2021-05-06
278,臺中市北屯區軍和街451號,埔里加水站,null,null,2021-05-06
279,臺中市北屯區旅順路一段83號,健康水,null,null,2021-05-06
280,臺中市北屯區旅順路二段233號,24H自助加水站,null,null,2021-05-06
283,臺中市北屯區崇德六路102號,張泉泰埔里泉水,null,null,2021-05-06
284,臺中市北屯區崇興路一段32號,凌科加水站,null,null,2021-05-06
285,臺中市北屯區崇興路一段33號,埔里聯合泉水,null,null,2021-05-06
286,臺中市北屯區陳平一街60巷17號,泳泉家水站,null,null,2021-05-06
287,臺中市北屯區陳平一街62號,水龍吟高礦活氧純水站-北屯陳平站,null,null,2021-05-06
288,臺中市北屯區陳平一街72號,綠森林加水站-北屯陳平站,null,null,2021-05-06
290,臺中市北屯區陳平路60巷17號,廣源淨水科技,null,null,2021-05-06
291,臺中市北屯區陳平路69號,水盟埔里活礦泉,null,null,2021-05-06
294,臺中市北屯區敦化路一段619號,敦化加水站,null,null,2021-05-06
295,臺中市北屯區經貿一路20號,埔里活泉水,null,null,2021-05-06
296,臺中市北屯區漢口路五段41號,原水公司,null,null,2021-05-06
297,臺中市北屯區熱河路二段206號,好美麗加水站,null,null,2021-05-06
299,臺中市北屯區興安路二段276號,新華加水站,null,null,2021-05-06
300,臺中市北屯區興安路二段361巷3號,泳泉加水站,null,null,2021-05-06
301,臺中市北屯區興安路二段52號,泳泉加水站,null,null,2021-05-06
302,臺中市北屯區興安路三段42號,悅恩興安站(加水站),null,null,2021-05-06
303,臺中市北屯區興安路三段52號,泳泉加水站,null,null,2021-05-06
304,臺中市北屯區遼寧路一段137號,林之泉供水站,null,null,2021-05-06
305,臺中市北屯區豐樂路16-19號,活淨水加水站,null,null,2021-05-06
306,臺中市北區三民路三段269號,UFO優福加水站,null,null,2021-05-06
307,臺中市北區三民路三段345號,玉美研三民加水站,null,null,2021-05-06
309,臺中市北區天津路一段100號,優仕淨水加水站,null,null,2021-05-06
310,臺中市北區天津路一段92號,水之鄉竹碳水,null,null,2021-05-06
311,臺中市北區天津路二段171號,幸福水屋(台中天津店),null,null,2021-05-06
317,臺中市北區台灣大道一段632號,翰穎加水站,null,null,2021-05-06
319,臺中市北區永興街165號,綠森林加水站,null,null,2021-05-06
320,臺中市北區育強街115號,優福加水站-育強站,null,null,2021-05-06
321,臺中市北區育強街127號,水盟埔里活礦泉,null,null,2021-05-06
322,臺中市北區忠太東路100號,無市招加水站,null,null,2021-05-06
323,臺中市北區忠太東路118號,幸福水屋,null,null,2021-05-06
324,臺中市北區東光一街7號,埔里挑米泉水,null,null,2021-05-06
325,臺中市北區東光路346號,幸福水屋加水站,null,null,2021-05-06
326,臺中市北區東成路37號,八重山麥飯石的水,null,null,2021-05-06
328,臺中市北區武昌路66號,大吉淨水加水站,null,null,2021-05-06
329,臺中市北區健行路37號,幸福水屋,null,null,2021-05-06
333,臺中市北區崇德路一段230號,幸福水屋台中北區崇德店,null,null,2021-05-06
334,臺中市北區梅亭街214號,足清水礦泉水行,null,null,2021-05-06
335,臺中市北區梅亭街233號,巽震加水站,null,null,2021-05-06
337,臺中市北區華興街158號,埔里甘泉自助加水站,null,null,2021-05-06
338,臺中市北區華興街94號,水盟埔里活礦泉,null,null,2021-05-06
339,臺中市北區進化北路367之3號,水樣24H 加水站,null,null,2021-05-06
341,臺中市北區精武路197-1號,水盟企業有限公司,null,null,2021-05-06
342,臺中市北區精武路200號,湧源自助加水販賣機,null,null,2021-05-06
343,臺中市北區德化街151號,凌科加水德化站,null,null,2021-05-06
344,臺中市北區德化街20號,倢聖加水站,null,null,2021-05-06
345,臺中市北區篤行路384號,優福水生活館/優福水超市,null,null,2021-05-06
346,臺中市北區錦中街105號,湧泉自助式加水販賣機,null,null,2021-05-06
347,臺中市外埔區大馬路468號,24H投幣式加水站,null,null,2021-05-06
348,臺中市外埔區六分路422號,賀好水加水站-外埔溜分站,null,null,2021-05-06
349,臺中市外埔區甲后路三段72號,火焱山正松泉加水站,null,null,2021-05-06
350,臺中市石岡區大勇街2巷59號,谷關八仙山正統礦泉水企業社,null,null,2021-05-06
352,臺中市石岡區豐勢路450號,谷關八仙山正統礦泉水企業社,null,null,2021-05-06
353,臺中市后里區大圳路377號,活力水,null,null,2021-05-06
354,臺中市后里區四村路107號,新華加水站,null,null,2021-05-06
355,臺中市后里區民生路143號,泳泉能量水加水站,null,null,2021-05-06
356,臺中市后里區民生路209號,人美活礦水,null,null,2021-05-06
357,臺中市后里區民生路224號,中聯泉水,null,null,2021-05-06
358,臺中市后里區民生路224號.,埔里O3殺菌加水站,null,null,2021-05-06
361,臺中市后里區甲后路一段755號,玉美研后里加水站,null,null,2021-05-06
363,臺中市后里區成功路369號,新華加水站,null,null,2021-05-06
364,臺中市西屯區上仁街126號,埔里供水站林之泉,null,null,2021-05-06
366,臺中市西屯區大弘街101號,捷聖加水站大弘店,null,null,2021-05-06
368,臺中市西屯區大隆路127號,優仕淨水,null,null,2021-05-06
369,臺中市西屯區大墩十七街88號,玉美研埔里水,null,null,2021-05-06
370,臺中市西屯區大墩十九街125號,林之泉加水站,null,null,2021-05-06
371,臺中市西屯區大墩十八街120號,集源食品工業有限公司(埔里聯合泉水),null,null,2021-05-06
373,臺中市西屯區大鵬路107號,幸福水屋,null,null,2021-05-06
374,臺中市西屯區大鵬路110號前,埔里聯合泉水(大鵬站),null,null,2021-05-06
375,臺中市西屯區中工二路216號,埔里聯合泉水,null,null,2021-05-06
376,臺中市西屯區中工二路292號,三水堂,null,null,2021-05-06
377,臺中市西屯區中工二路2號,幸福水屋24H自助加水,null,null,2021-05-06
379,臺中市西屯區中工三路127號,林之泉供水站,null,null,2021-05-06
380,臺中市西屯區中工三路129號,林之泉供水站,null,null,2021-05-06
381,臺中市西屯區中工三路157號,八重山加水站,null,null,2021-05-06
382,臺中市西屯區中工三路240號,埔里清水自助加水站,null,null,2021-05-06
383,臺中市西屯區中平路123號,好美麗加水站,null,null,2021-05-06
384,臺中市西屯區中平路順平二街口327號,名人健康加水站,null,null,2021-05-06
385,臺中市西屯區中清西二街120號,優仕淨水,null,null,2021-05-06
386,臺中市西屯區文華路162巷10號,UFO加水站台中文華店,null,null,2021-05-06
389,臺中市西屯區弘孝路193號,林之泉加水站,null,null,2021-05-06
390,臺中市西屯區玉門路368號,玉美研埔里武界山泉水,null,null,2021-05-06
391,臺中市西屯區甘肅路二段128號,林之泉供水站,null,null,2021-05-06
392,臺中市西屯區成都路95-5號,玉美研成都加水站,null,null,2021-05-06
394,臺中市西屯區至善路232號,UFO優福加水站,null,null,2021-05-06
396,臺中市西屯區西屯路二段258-23號,水專家,null,null,2021-05-06
397,臺中市西屯區西屯路二段95-6號,藍泉健康加水屋,null,null,2021-05-06
398,臺中市西屯區西屯路三段150-36旁,林之泉供水站,null,null,2021-05-06
399,臺中市西屯區西屯路三段157號,幸福水屋台中西屯店,null,null,2021-05-06
400,臺中市西屯區西安街110號,青山礦泉水,null,null,2021-05-06
401,臺中市西屯區西安街127號,特級礦泉加水站,null,null,2021-05-06
402,臺中市西屯區西安街141號,就是好水,null,null,2021-05-06
403,臺中市西屯區西安街277巷25弄26號,能量水加水站,null,null,2021-05-06
405,臺中市西屯區何厝街68號,ROER活淨水,null,null,2021-05-06
406,臺中市西屯區忠義街80號,幸福水屋(台中西屯忠義站),null,null,2021-05-06
407,臺中市西屯區河南路一段125號,幸福水屋加水站,null,null,2021-05-06
409,臺中市西屯區河南路一段643號,名人加水站,null,null,2021-05-06
410,臺中市西屯區河南路一段64號,名人淨水,null,null,2021-05-06
411,臺中市西屯區河南路二段298號,UFO優福加水站,null,null,2021-05-06
412,臺中市西屯區河南路二段461號,林之泉埔里礦泉水供應站,null,null,2021-05-06
413,臺中市西屯區河南路二段466號,幸福水屋加水站(台中西屯青海站),null,null,2021-05-06
414,臺中市西屯區河南路二段470號,九江加水站,null,null,2021-05-06
416,臺中市西屯區洛陽路84號,水無痕,null,null,2021-05-06
417,臺中市西屯區美滿街50號,水盟企業水盟加水站,null,null,2021-05-06
418,臺中市西屯區重慶路136號,幸福水屋-西屯重慶站,null,null,2021-05-06
419,臺中市西屯區重慶路141-2號,埔里聯合泉水(重慶二站),null,null,2021-05-06
420,臺中市西屯區重慶路163號,優仕淨水(重慶站),null,null,2021-05-06
421,臺中市西屯區國安一路128號,幸福水屋加水站,null,null,2021-05-06
425,臺中市西屯區逢甲路231號,品味甘泉加水站,null,null,2021-05-06
426,臺中市西屯區惠中路92號,林之泉加水站,null,null,2021-05-06
428,臺中市西屯區朝富路262號,玉美研朝富加水站,null,null,2021-05-06
429,臺中市西屯區華美西街二段 27-2號,華美加水站,null,null,2021-05-06
430,臺中市西屯區華美西街二段27號,峰泉自助加水站華美店,null,null,2021-05-06
432,臺中市西屯區順平二街2號,名人健康加水站,null,null,2021-05-06
433,臺中市西屯區寧夏路206號,優仕淨水,null,null,2021-05-06
434,臺中市西屯區漢口路一段37號,林之泉供水站,null,null,2021-05-06
435,臺中市西屯區福上巷214弄78號,諾克斯自助加水站,null,null,2021-05-06
436,臺中市西屯區福上巷239號之1號,好鄰居加水站,null,null,2021-05-06
437,臺中市西屯區福上巷251弄43號,林之泉供水站,null,null,2021-05-06
439,臺中市西屯區福林路386號,藍泉加水屋,null,null,2021-05-06
440,臺中市西屯區福星北路60號,幸福水屋,null,null,2021-05-06
441,臺中市西屯區福科路541號,幸福水屋,null,null,2021-05-06
442,臺中市西屯區福科路600號,幸福水屋,null,null,2021-05-06
443,臺中市西屯區福雅路149號,加水站-福雅站,null,null,2021-05-06
444,臺中市西屯區福雅路14號,加水站福雅站,null,null,2021-05-06
445,臺中市西屯區福雅路341號,埔里山泉水,null,null,2021-05-06
446,臺中市西屯區福雅路40號,UFO優福加水站,null,null,2021-05-06
447,臺中市西屯區福雅路41-3號,新華加水站,null,null,2021-05-06
448,臺中市西屯區福瑞街138巷12號,娃娃猴健康加水站,null,null,2021-05-06
449,臺中市西屯區福瑞街148號,海之泉24H加水站,null,null,2021-05-06
450,臺中市西屯區福瑞街47號,藍泉優質加水站,null,null,2021-05-06
451,臺中市西屯區福瑞街66巷6號,瀚穎加水站,null,null,2021-05-06
452,臺中市西屯區福聯街75巷1號,水龍吟,null,null,2021-05-06
453,臺中市西屯區廣福路262號,埔里聯合泉水,null,null,2021-05-06
454,臺中市西屯區黎明路336號,淨亮潔生活事業加水站,null,null,2021-05-06
455,臺中市西屯區黎明路三段222號,好美麗加水站,null,null,2021-05-06
456,臺中市西屯區黎明路三段246號,幸福水屋,null,null,2021-05-06
457,臺中市西屯區寶慶街50巷15號,天津泇水站,null,null,2021-05-06
458,臺中市西屯區櫻花路91號,天康加水站,null,null,2021-05-06
459,臺中市西屯區櫻城一街3號,幸福水屋_臺中西屯櫻城旗艦店,null,null,2021-05-06
460,臺中市西屯區櫻城一街53號,幸福水屋,null,null,2021-05-06
461,臺中市西區三民西路171號,埔里水盟活礦泉,null,null,2021-05-06
462,臺中市西區三民路一段25號,優仕淨水-西區三民站,null,null,2021-05-06
463,臺中市西區三民路一段38號,蘋果圓加水讚,null,null,2021-05-06
464,臺中市西區大進街481號,水龍吟加水站,null,null,2021-05-06
466,臺中市西區中美街142號,綠森林加水站,null,null,2021-05-06
467,臺中市西區中美街153號,純淨加水屋,null,null,2021-05-06
468,臺中市西區五廊街119號,清淨加水站,null,null,2021-05-06
469,臺中市西區五權七街128號,水龍吟加水站24H-西區五權站,null,null,2021-05-06
470,臺中市西區五權八街127號,松盟埔里礦泉水,null,null,2021-05-06
471,臺中市西區五權八街131號,綠森林加水站,null,null,2021-05-06
472,臺中市西區五權八街143號,八重山麥飯石的水,null,null,2021-05-06
473,臺中市西區五權五街128號,水龍吟加水站,null,null,2021-05-06
475,臺中市西區五權五街68號,幸福水屋_台中西區美村綠店,null,null,2021-05-06
476,臺中市西區五權路1-198號,活化的純水加水站,null,null,2021-05-06
478,臺中市西區民生路135號,八重山麥飯石の水,null,null,2021-05-06
479,臺中市西區民生路424號,埔里好泉自助加水站,null,null,2021-05-06
481,臺中市西區向上路一段555號,埔里聯合泉水,null,null,2021-05-06
483,臺中市西區忠明南路328號,埔里聯合泉水,null,null,2021-05-06
484,臺中市西區忠明南路445號,幸福水屋_忠明店,null,null,2021-05-06
485,臺中市西區林森路77-2號,綠森林加水站,null,null,2021-05-06
486,臺中市西區采詳街18-1號,泳泉能量水加水站,null,null,2021-05-06
487,臺中市西區南屯路一段206號,埔里清泉加水站,null,null,2021-05-06
489,臺中市西區柳川東路二段131號,活淨水加水站,null,null,2021-05-06
490,臺中市西區美村路一段148號,水龍吟加水站,null,null,2021-05-06
491,臺中市西區美村路一段586號,水龍吟加水站-西區美村站,null,null,2021-05-06
492,臺中市西區美村路二段15號,水專家加水站美村店,null,null,2021-05-06
493,臺中市西區梅川東路一段43號,龍泉特級礦泉水,null,null,2021-05-06
494,臺中市西區華美街172號,水龍吟加水站_華美站,null,null,2021-05-06
495,臺中市西區貴和街46號,松盟埔里礦泉水,null,null,2021-05-06
496,臺中市西區福人街136號,名人加水站,null,null,2021-05-06
498,臺中市西區精誠十二街56號 ,藍泉優質加水站(精誠站),null,null,2021-05-06
499,臺中市西區精誠路135巷,林之泉供水站,null,null,2021-05-06
500,臺中市西區精誠路222號,水龍吟加水站,null,null,2021-05-06
501,臺中市西區精誠路224號,水龍吟高礦活氧純水加水站,null,null,2021-05-06
502,臺中市西區精誠路252號,埔里水盟活礦泉,null,null,2021-05-06
503,臺中市西區精誠路283號,藍泉優質加水站,null,null,2021-05-06
504,臺中市西區精誠路294號,幸福水屋,null,null,2021-05-06
505,臺中市西區樂群街18-1號,泳泉能量水加水站,null,null,2021-05-06
506,臺中市西區樂群街67號,林之泉飲用水公司,null,null,2021-05-06
508,臺中市西區模範街23巷1號,源永興加水站,null,null,2021-05-06
509,臺中市沙鹿區大同街119-1號,幸福水屋加水站,null,null,2021-05-06
510,臺中市沙鹿區中山路158號,埔里聯合泉水加水站,null,null,2021-05-06
511,臺中市沙鹿區中山路166號旁,多福水生活館(沙鹿站),null,null,2021-05-06
512,臺中市沙鹿區文昌街134號,淨淼加水站,null,null,2021-05-06
513,臺中市沙鹿區北勢東路518-1號,九江加水站,null,null,2021-05-06
515,臺中市沙鹿區光華路471號,義華加水站,null,null,2021-05-06
516,臺中市沙鹿區自強路387號前,幸福水屋,null,null,2021-05-06
517,臺中市沙鹿區賢正街162號,正松泉加水站,null,null,2021-05-06
518,臺中市沙鹿區興安路19號,王美研沙鹿加水站,null,null,2021-05-06
519,臺中市沙鹿區鎮南路二段46號,幸福水屋加水站,null,null,2021-05-06
520,臺中市沙鹿區鎮南路二段129號,優仕淨水,null,null,2021-05-06
521,臺中市東區力行路80-1號,加卡多加水站,null,null,2021-05-06
523,臺中市東區十甲東路547號,水盟埔里活礦泉水,null,null,2021-05-06
524,臺中市東區十甲東路575號,大河馬加水站,null,null,2021-05-06
525,臺中市東區十甲東路706號,活純水加水站-東區十甲東站,null,null,2021-05-06
526,臺中市東區十甲路269號,加卡多加水站,null,null,2021-05-06
527,臺中市東區十甲路392號,津豪淨水設備有限公司,null,null,2021-05-06
528,臺中市東區十甲路452號,幸福小屋自助加水-東區十甲站,null,null,2021-05-06
529,臺中市東區十甲路66號,埔里甘泉自助加水站,null,null,2021-05-06
530,臺中市東區三賢街129號,埔里清泉自助加水站,null,null,2021-05-06
531,臺中市東區三賢街54號,埔里泉水,null,null,2021-05-06
532,臺中市東區大勇街87號,這樣洗自助洗加水站,null,null,2021-05-06
533,臺中市東區大智路285號,倢聖加水站,null,null,2021-05-06
535,臺中市東區大智路445-1號,松盟埔里礦泉水,null,null,2021-05-06
536,臺中市東區大智路89-3號,埔里甘泉自助加水站,null,null,2021-05-06
537,臺中市東區仁和路492號旁,埔里礦泉水供水站,null,null,2021-05-06
538,臺中市東區天乙街142號旁,埔里加水站,null,null,2021-05-06
539,臺中市東區天乙街49號,埔里聯合泉水,null,null,2021-05-06
541,臺中市東區和平街176號,埔里聯合泉水,null,null,2021-05-06
542,臺中市東區和平街81號,水龍吟純水站,null,null,2021-05-06
543,臺中市東區和平街87號,波波洗衣工坊加水機,null,null,2021-05-06
544,臺中市東區忠孝路459號,潔而樂加水站,null,null,2021-05-06
546,臺中市東區東南街97號,埔里加水站(林之泉),null,null,2021-05-06
547,臺中市東區東英二街71號,水盟埔里活泉水,null,null,2021-05-06
548,臺中市東區東英六街20號對面,水之鄉自動販賣機,null,null,2021-05-06
549,臺中市東區東區進化路205巷22號,水之鄉自動販賣機,null,null,2021-05-06
550,臺中市東區長福路310號,埔里聯合泉水,null,null,2021-05-06
551,臺中市東區信義街200號,新華加水站台中大智站,null,null,2021-05-06
553,臺中市東區建成路666號,炁水加水站,null,null,2021-05-06
554,臺中市東區建成路727號,多媒體加水站,null,null,2021-05-06
555,臺中市東區建德街271號,水盟企業有限公司,null,null,2021-05-06
556,臺中市東區建德街399號,水盟埔里活泉水,null,null,2021-05-06
557,臺中市東區振興路371-3號,埔里山泉水,null,null,2021-05-06
558,臺中市東區振興路436號,家湧泉連鎖加水站,null,null,2021-05-06
559,臺中市東區喬成路136號,埔里甘泉自助加水站,null,null,2021-05-06
560,臺中市東區富仁街68號,義華加水站東區富台店,null,null,2021-05-06
561,臺中市東區富台東街(自由路三段169-1號,埔里松盟泉水加水站,null,null,2021-05-06
562,臺中市東區富台街62號,義華加水站,null,null,2021-05-06
563,臺中市東區富貴街72號,凌科淨水加水站,null,null,2021-05-06
564,臺中市東區富榮街8號,新華加水站,null,null,2021-05-06
565,臺中市東區富榮街9號,凌科加水站,null,null,2021-05-06
567,臺中市東區進化路168巷67號,水盟埔里活泉水,null,null,2021-05-06
571,臺中市東區樂業路229-3號,樂業路加水站,null,null,2021-05-06
572,臺中市東區樂業路400號前,埔里聯合泉水加水站,null,null,2021-05-06
573,臺中市東勢區公園路33號,到山加水站,null,null,2021-05-06
574,臺中市東勢區車關路六段791號,安德成淨水加水站,null,null,2021-05-06
575,臺中市東勢區東坑路573號,大自然礦泉活水加水站,null,null,2021-05-06
576,臺中市東勢區東和街95號,谷關八仙山正統礦泉水企業社,null,null,2021-05-06
577,臺中市東勢區東崎路五段352號,大自然礦泉活水加水站,null,null,2021-05-06
578,臺中市東勢區東關路六段791號,安德成淨水加水站,null,null,2021-05-06
579,臺中市東勢區第一橫街190號,泓泉飲水設備-東崎店,null,null,2021-05-06
580,臺中市東勢區新盛里新盛街281號,八仙山天然礦泉活水,null,null,2021-05-06
581,臺中市東勢區新盛里豐勢路２８號,谷關八仙山正統礦泉水企業社,null,null,2021-05-06
582,臺中市東勢區粵寧里豐勢路６６２號,谷關八仙山正統礦泉水企業社,null,null,2021-05-06
583,臺中市東勢區福隆里東和街９５號,谷關八仙山正統礦泉水企業社,null,null,2021-05-06
584,臺中市東勢區慶東里東關路五段528號,八仙山加水站,null,null,2021-05-06
585,臺中市東勢區豐勢路283號,谷關八仙山正統礦泉水企業社,null,null,2021-05-06
586,臺中市東勢區豐勢路28號,谷關八仙水正統礦泉水企業社,null,null,2021-05-06
588,臺中市東勢區豐勢路622號,大自然礦泉活水加水站,null,null,2021-05-06
589,臺中市南屯區大墩2街201號,清泉山泉水商行,null,null,2021-05-06
590,臺中市南屯區大墩一街214號,悅泉加水TVBAR,null,null,2021-05-06
591,臺中市南屯區大墩一街266號,24H優仕淨加水站,null,null,2021-05-06
592,臺中市南屯區大墩七街201號,埔里清泉加水站,null,null,2021-05-06
593,臺中市南屯區大墩七街97號,健康水自動販賣機,null,null,2021-05-06
594,臺中市南屯區大墩二街71號,藍泉加水站,null,null,2021-05-06
595,臺中市南屯區大墩十四街129號,聯合泉水/埔里聯合泉水,null,null,2021-05-06
596,臺中市南屯區大墩十四街312號前,埔里林之泉供水站,null,null,2021-05-06
597,臺中市南屯區大墩五街98號,幸福水屋,null,null,2021-05-06
598,臺中市南屯區大墩六街254號,美峰波動水,null,null,2021-05-06
599,臺中市南屯區干城街120號,林之泉飲用水,null,null,2021-05-06
600,臺中市南屯區干城街198巷33-1號,林之泉供水站,null,null,2021-05-06
601,臺中市南屯區干城街214巷1弄3號,埔里林之泉礦泉水供水站,null,null,2021-05-06
602,臺中市南屯區干城街280巷1弄34號,林之泉飲用水,null,null,2021-05-06
604,臺中市南屯區五德街147號,林之泉飲用水,null,null,2021-05-06
605,臺中市南屯區五權七街140號,水爸爸純淨水24H加水站,null,null,2021-05-06
607,臺中市南屯區文山九街77號,凌科加水站,null,null,2021-05-06
608,臺中市南屯區文山九街寶山三街路口,林之泉供水站,null,null,2021-05-06
610,臺中市南屯區文心南五路293號,健康加水生活館_藍泉加水站,null,null,2021-05-06
611,臺中市南屯區永春東路1043號,幸福水屋,null,null,2021-05-06
612,臺中市南屯區永春東路1305-1號,埔里林之泉供水站,null,null,2021-05-06
613,臺中市南屯區永春南路47號,姐妹加水站,null,null,2021-05-06
614,臺中市南屯區永春南路61巷50號,太極加水站,null,null,2021-05-06
615,臺中市南屯區永春南路61巷60號,水皇后專業加水屋,null,null,2021-05-06
616,臺中市南屯區永春路1037號,埔里林之泉供水站,null,null,2021-05-06
617,臺中市南屯區永春路38號,八重山麥飯石的水_永春新富站,null,null,2021-05-06
618,臺中市南屯區向上路三段75號,林之泉飲用水有限公司,null,null,2021-05-06
619,臺中市南屯區向心路105-1號,悅泉純水,null,null,2021-05-06
620,臺中市南屯區向心南路969號,多媒體加水站,null,null,2021-05-06
621,臺中市南屯區忠勇路101號前,玉美研忠勇加水站,null,null,2021-05-06
622,臺中市南屯區忠勇路105-21號,埔里聯合泉水,null,null,2021-05-06
623,臺中市南屯區忠勇路19-1號,埔里聯合泉水,null,null,2021-05-06
624,臺中市南屯區忠勇路40號,森好冷泉水,null,null,2021-05-06
625,臺中市南屯區忠勇路52-69號,埔里林之泉加水站,null,null,2021-05-06
626,臺中市南屯區忠勇路76-2號,UFO優福加水站大同店,null,null,2021-05-06
627,臺中市南屯區東興路二段105號,泳泉加水站-南屯區東興站,null,null,2021-05-06
628,臺中市南屯區東興路二段121號,Puricorn寶多康24hr加水站,null,null,2021-05-06
629,臺中市南屯區河南路四段480-2號,小分子麥礦泉加水站,null,null,2021-05-06
630,臺中市南屯區河南路四段481號,埔里聯合泉水加水站,null,null,2021-05-06
631,臺中市南屯區保安五街201號,嵐泉優質加水站,null,null,2021-05-06
632,臺中市南屯區保安五街217號,power活力水,null,null,2021-05-06
633,臺中市南屯區保安六街143號,青山礦泉水,null,null,2021-05-06
634,臺中市南屯區南屯路二段323號,埔里林之泉供水站,null,null,2021-05-06
635,臺中市南屯區南屯路二段758號,24H埔里水加水站,null,null,2021-05-06
636,臺中市南屯區南屯路二段772號,健康加水生活館,null,null,2021-05-06
637,臺中市南屯區惠文南街319號,埔里林之泉供水站,null,null,2021-05-06
638,臺中市南屯區惠德街66號,埔里聯合泉水,null,null,2021-05-06
639,臺中市南屯區精忠街29號,埔里清泉自助加水站,null,null,2021-05-06
640,臺中市南屯區精忠街9號,水盟埔里活礦泉,null,null,2021-05-06
641,臺中市南屯區精誠南路12號,埔里林之泉加水站,null,null,2021-05-06
642,臺中市南屯區黎明東街399號,海洋元素水加水站,null,null,2021-05-06
643,臺中市南屯區黎明路一段1040號,幸福水屋,null,null,2021-05-06
644,臺中市南屯區黎明路一段1067號,埔里聯合泉水,null,null,2021-05-06
645,臺中市南屯區黎明路一段491號,健康水自動販賣機,null,null,2021-05-06
647,臺中市南屯區黎明路二段176號,水龍吟加水站,null,null,2021-05-06
648,臺中市南屯區黎明路二段327號,水龍吟高礦活氧純水,null,null,2021-05-06
649,臺中市南屯區黎明路二段68號,幸福水屋,null,null,2021-05-06
650,臺中市南屯區嶺東路700號,幸福水屋,null,null,2021-05-06
651,臺中市南區大慶街一段257-9號,埔里林之泉供水站,null,null,2021-05-06
652,臺中市南區大慶街二段27號,幸福水屋自助加水,null,null,2021-05-06
654,臺中市南區工學一街197巷12號,幸福加水站,null,null,2021-05-06
655,臺中市南區工學路23號,荃薪山泉水,null,null,2021-05-06
656,臺中市南區工學路66號,幸福水屋,null,null,2021-05-06
657,臺中市南區中山路二段216號,天下水,null,null,2021-05-06
658,臺中市南區五權南路201號,優福水生活館,null,null,2021-05-06
659,臺中市南區五權南路229號,埔里甘泉加水站,null,null,2021-05-06
660,臺中市南區五權南路714號前,松盟埔里礦泉水公司,null,null,2021-05-06
661,臺中市南區仁義街109號,自康淨水,null,null,2021-05-06
662,臺中市南區文林街20號,天康加水站,null,null,2021-05-06
663,臺中市南區台中路520號,幸福水屋加水站,null,null,2021-05-06
664,臺中市南區平順街151號,水龍吟加水站,null,null,2021-05-06
667,臺中市南區永興里工學一街197巷6號,優福加水站工學站,null,null,2021-05-06
668,臺中市南區合作街153號,藍海海洋微量元素水,null,null,2021-05-06
669,臺中市南區和昌街131-1號,埔里甘泉加水站,null,null,2021-05-06
670,臺中市南區忠明南路906號,水龍吟加水站,null,null,2021-05-06
671,臺中市南區忠明南路951號,天康淨水,null,null,2021-05-06
673,臺中市南區建成路1027號,幸福水屋,null,null,2021-05-06
674,臺中市南區建國南路一段255號,幸福水屋_台中南區建南店,null,null,2021-05-06
675,臺中市南區美村南路271號,清泉加水站,null,null,2021-05-06
676,臺中市南區美村路二段40號,泳泉加水站-南區美村站,null,null,2021-05-06
677,臺中市南區高工路231號,能量水加水站,null,null,2021-05-06
679,臺中市南區崇倫街69號,優仕淨水-南區崇福站,null,null,2021-05-06
680,臺中市南區崇福街69號,優仕淨水-南區崇福站,null,null,2021-05-06
681,臺中市南區復興路二段160號,幸福水屋,null,null,2021-05-06
682,臺中市南區復興路二段260號,幸福水屋,null,null,2021-05-06
683,臺中市南區復興路三段112號,名人加水站,null,null,2021-05-06
684,臺中市南區復興路三段132號,綠森林加水站,null,null,2021-05-06
686,臺中市南區福田路228號,松盟埔里礦泉水,null,null,2021-05-06
687,臺中市南區德富路270號,松盟加水站,null,null,2021-05-06
688,臺中市南區德富路75號,埔里山泉水礦泉水,null,null,2021-05-06
689,臺中市南區學府路131號,吉吉加水站,null,null,2021-05-06
690,臺中市南區學府路136號,水專家,null,null,2021-05-06
691,臺中市南區學府路146巷1號,無水加水站,null,null,2021-05-06
692,臺中市南區學府路151號,水龍吟加水站,null,null,2021-05-06
693,臺中市南區學府路168巷12號,24H加水站,null,null,2021-05-06
694,臺中市南區興大路301巷2號,松盟埔里礦泉水,null,null,2021-05-06
695,臺中市南區懷寧街195號,上清埔里礦泉_上清加水站_南區懷寧站,null,null,2021-05-06
696,臺中市烏日區中山路一段387號,活泉水加水站,null,null,2021-05-06
697,臺中市烏日區中山路二段118號,玉美研高鐵加水站,null,null,2021-05-06
699,臺中市烏日區中山路二段214號,天下水加水站,null,null,2021-05-06
700,臺中市烏日區中山路二段241號,麥飯石活水加水站,null,null,2021-05-06
701,臺中市烏日區中山路二段537-3號,水爸爸安潔淨,null,null,2021-05-06
702,臺中市烏日區中山路三段546-28號,新華加水站,null,null,2021-05-06
703,臺中市烏日區中華路342號,健康加水生活館,null,null,2021-05-06
705,臺中市烏日區以春街17號,埔里林之泉供水站,null,null,2021-05-06
706,臺中市烏日區五光路105號,松盟加水站,null,null,2021-05-06
707,臺中市烏日區長春街336號,松盟埔里礦泉水,null,null,2021-05-06
708,臺中市烏日區信義街145號,活化水加水站,null,null,2021-05-06
709,臺中市烏日區信義街166號,松盟埔里礦泉水,null,null,2021-05-06
710,臺中市烏日區信義街180號,林之泉供水站,null,null,2021-05-06
711,臺中市烏日區信義街223號,松盟埔里泉水,null,null,2021-05-06
712,臺中市烏日區信義街224號,義華加水站,null,null,2021-05-06
714,臺中市烏日區福泰街151之1號,臻如意加水站,null,null,2021-05-06
715,臺中市烏日區興祥街30巷12號,新華加水站台中興祥店,null,null,2021-05-06
716,臺中市神岡區大社街57號對面,埔里林之泉加水站,null,null,2021-05-06
717,臺中市神岡區大漢街179號,埔里林之泉供水站,null,null,2021-05-06
718,臺中市神岡區大漢街65號,水爸爸88WATER,null,null,2021-05-06
719,臺中市神岡區中山路1027號,水專家加水站,null,null,2021-05-06
720,臺中市神岡區中山路485號,林之泉飲用水有限公司,null,null,2021-05-06
721,臺中市神岡區中山路669-1號,富綠康加水站,null,null,2021-05-06
722,臺中市神岡區中山路與社南街口,水專家,null,null,2021-05-06
723,臺中市神岡區中正路16號,埔里聯合泉水加水站,null,null,2021-05-06
724,臺中市神岡區神岡路122號,富綠康加水站,null,null,2021-05-06
725,臺中市神岡區豐洲路466-3號,埔里林之泉供水站,null,null,2021-05-06
726,臺中市梧棲區中和街109號,埔里加水站-梧棲中和站,null,null,2021-05-06
727,臺中市梧棲區中和街233號,藍泉加水站,null,null,2021-05-06
728,臺中市梧棲區中和街77號,永益加水站-梧棲中和站,null,null,2021-05-06
729,臺中市梧棲區中興路463號,瀚穎加水站梧棲站,null,null,2021-05-06
730,臺中市梧棲區文化路二段360號,樺裕飲水設備加水站,null,null,2021-05-06
731,臺中市梧棲區居仁街54號,林之泉飲用水股份有限公司,null,null,2021-05-06
732,臺中市梧棲區梧棲路89號,24H加水站-梧棲站,null,null,2021-05-06
733,臺中市清水區中山路121號,安德成加水站,null,null,2021-05-06
734,臺中市清水區中山路146號,埔里聯合泉水中山二站,null,null,2021-05-06
735,臺中市清水區中山路434-5號,埔里聯合泉水中山三站,null,null,2021-05-06
737,臺中市清水區中華路465號,王美研清水加水站,null,null,2021-05-06
738,臺中市清水區中華路525號,幸福水屋,null,null,2021-05-06
739,臺中市清水區中興街57號,幸福水屋,null,null,2021-05-06
740,臺中市清水區民安路339號,藍泉台中清水站,null,null,2021-05-06
741,臺中市清水區高美路186號,田寮加水站,null,null,2021-05-06
742,臺中市清水區清水街58號,養生世界旁加水站,null,null,2021-05-06
744,臺中市清水區鰲峰路358號,幸福水屋,null,null,2021-05-06
745,臺中市清水區鰲峰路358號,名人加水站,null,null,2021-05-06
746,臺中市清水區鰲峰路580-14號,藍泉優質加水站清水區鰲峰站,null,null,2021-05-06
747,臺中市清水區鰲峰路676號,林之泉飲用水,null,null,2021-05-06
748,臺中市清水區鰲峰路三民路橋下,懋源淨水公司加水站,null,null,2021-05-06
749,臺中市清水區鰲新路5號,幸福水屋,null,null,2021-05-06
750,臺中市新社區興安路90-1號,谷關八仙山正統礦泉水企業社,null,null,2021-05-06
751,臺中市潭子區人和路12號,自助生活館-加水站生活館,null,null,2021-05-06
752,臺中市潭子區大新路62-1號,埔里礦泉水,null,null,2021-05-06
753,臺中市潭子區大豐路二段35號,泳泉加水站,null,null,2021-05-06
755,臺中市潭子區大豐路二段55號,富綠康加水站,null,null,2021-05-06
756,臺中市潭子區大豐路三段35號,泳泉加水站,null,null,2021-05-06
757,臺中市潭子區大豐路三段63號,活淨水加水站,null,null,2021-05-06
758,臺中市潭子區中山路一段225巷6號,幸福水屋,null,null,2021-05-06
759,臺中市潭子區中山路一段7巷77號,UFO優福水生活館,null,null,2021-05-06
760,臺中市潭子區中山路二段283巷50號,埔里林之泉加水站,null,null,2021-05-06
762,臺中市潭子區中山路三段17號,Power活力水,null,null,2021-05-06
763,臺中市潭子區中山路三段7號,Power活力水,null,null,2021-05-06
764,臺中市潭子區仁愛路2段240-3號,荃薪優質礦泉水加水站,null,null,2021-05-06
765,臺中市潭子區得天街2號,水盟企業有限公司-潭子得天 站,null,null,2021-05-06
766,臺中市潭子區得福街115號,Mr.wuter自然純淨方便的水補給,null,null,2021-05-06
767,臺中市潭子區得福街160號,林之泉飲用水有限公司,null,null,2021-05-06
768,臺中市潭子區得福街99號,POWER活力水,null,null,2021-05-06
769,臺中市潭子區勝利路348號,幸福水屋國際有限公司,null,null,2021-05-06
770,臺中市潭子區復興路一段107號,義華加水站,null,null,2021-05-06
771,臺中市潭子區復興路一段111號,泳泉加水站,null,null,2021-05-06
773,臺中市潭子區雅潭路一段65號,泳泉加水站,null,null,2021-05-06
774,臺中市潭子區雅豐街25號,泳泉加水站,null,null,2021-05-06
776,臺中市潭子區榮興街127號,優仕淨水加水站,null,null,2021-05-06
777,臺中市潭子區榮興街21巷12號,泳泉加水站,null,null,2021-05-06
778,臺中市潭子區榮興街59號,泳泉頻譜水,null,null,2021-05-06
780,臺中市潭子區福潭路637號,加卡多加水站,null,null,2021-05-06
781,臺中市潭子區福潭路788號,荃薪莞榕淨水站-優質埔里水,null,null,2021-05-06
782,臺中市潭子區潭子街一段46巷4號,荃薪優質礦泉水,null,null,2021-05-06
783,臺中市潭子區潭子街二段31號,藍泉自助加水站,null,null,2021-05-06
785,臺中市潭子區興華一路193號,青山礦泉水,null,null,2021-05-06
786,臺中市潭子區興華一路243號,水專家,null,null,2021-05-06
787,臺中市潭子區興華一路298號,義華加水站興華店,null,null,2021-05-06
788,臺中市潭子區興華一路324巷,源永興加水站,null,null,2021-05-06
789,臺中市潭子區頭家路57-1號,水盟加水站,null,null,2021-05-06
790,臺中市潭子區頭張路一段128號,倢聖加水站-潭子頭張站,null,null,2021-05-06
791,臺中市潭子區頭張路二段56號,祿旺加水站,null,null,2021-05-06
792,臺中市潭子區頭張路二段56號,泳泉加水站,null,null,2021-05-06
793,臺中市潭子區頭張路二段89巷,林之泉供水站,null,null,2021-05-06
795,臺中市龍井區中央路二段22號,88WATER水爸爸24H加水站,null,null,2021-05-06
796,臺中市龍井區居仁街240號,埔里水,null,null,2021-05-06
797,臺中市龍井區居仁街262號,藍泉自助加水站,null,null,2021-05-06
798,臺中市龍井區茄投路26號,林之泉飲用水(股)公司,null,null,2021-05-06
799,臺中市龍井區國際街168號,瀚穎加水站,null,null,2021-05-06
800,臺中市龍井區國際路168號,翰穎加水站 國際站,null,null,2021-05-06
801,臺中市龍井區新興路96-13號,台灣加水聯盟,null,null,2021-05-06
804,臺中市龍井區遊園南路25號,上清埔里礦泉水,null,null,2021-05-06
805,臺中市龍井區遊園路2段137號,名人加水站,null,null,2021-05-06
806,臺中市龍井區遠東街127巷與123巷交叉路口,新華加水站-龍井遠東店,null,null,2021-05-06
807,臺中市龍井區藝術街184號,青山礦泉水有限公司,null,null,2021-05-06
808,臺中市豐原區一心路134號,山水森林好水好健康,null,null,2021-05-06
810,臺中市豐原區三豐路一段440號,名人加水站,null,null,2021-05-06
811,臺中市豐原區三豐路二段68號,水專家加水站,null,null,2021-05-06
812,臺中市豐原區三豐路二段91號,喜羊羊加水站,null,null,2021-05-06
813,臺中市豐原區大明路160號,泳泉加水站,null,null,2021-05-06
814,臺中市豐原區大明路68號,倢聖加水站,null,null,2021-05-06
815,臺中市豐原區大社街56巷1號,埔里林之泉供水站,null,null,2021-05-06
816,臺中市豐原區中山路428號,富綠康加水站,null,null,2021-05-06
817,臺中市豐原區中山路497號,名人健康加水站,null,null,2021-05-06
818,臺中市豐原區中正路275號,水龍王販賣機(泳泉加水站),null,null,2021-05-06
819,臺中市豐原區中正路699號,永溢加水站,null,null,2021-05-06
820,臺中市豐原區中正路894號,水沛加水站,null,null,2021-05-06
821,臺中市豐原區水源路605號,24小時水生活加水站,null,null,2021-05-06
822,臺中市豐原區豐南街239號,泳泉加水站,null,null,2021-05-06
823,臺中市豐原區永康路214號,泳泉加水站,null,null,2021-05-06
824,臺中市豐原區永康路224號,泳泉加水站,null,null,2021-05-06
826,臺中市豐原區田心路二段182號,幸福水屋24H自助加水,null,null,2021-05-06
827,臺中市豐原區田心路二段231號,水沛加水站,null,null,2021-05-06
828,臺中市豐原區田心路二段257號,24H加水站水爸爸,null,null,2021-05-06
829,臺中市豐原區合作街42號,埔里聯合泉水,null,null,2021-05-06
830,臺中市豐原區安和路75號,永沛加水站,null,null,2021-05-06
832,臺中市豐原區成功路198號,幸福水屋加水站,null,null,2021-05-06
833,臺中市豐原區成功路205號,永沛加水站,null,null,2021-05-06
834,臺中市豐原區成功路720號,三八加水站,null,null,2021-05-06
835,臺中市豐原區自強南街68號,68加水站,null,null,2021-05-06
836,臺中市豐原區社皮路6號,埔里聯合泉水,null,null,2021-05-06
837,臺中市豐原區南陽路171號,大鉦淨水,null,null,2021-05-06
838,臺中市豐原區南陽路305號,泳泉加水站,null,null,2021-05-06
839,臺中市豐原區南陽路547號,24H水生活館南陽高架加水屋,null,null,2021-05-06
840,臺中市豐原區建成路115號,幸福水屋,null,null,2021-05-06
842,臺中市豐原區圓環北路二段285號,埔里林之泉加水站,null,null,2021-05-06
843,臺中市豐原區圓環西路107號,豐駿泉水商行,null,null,2021-05-06
844,臺中市豐原區圓環東路335號,埔里聯合泉水加水站,null,null,2021-05-06
845,臺中市豐原區圓環東路441號,玉美研豐原加水站,null,null,2021-05-06
846,臺中市豐原區圓環東路522號,泳泉加水站,null,null,2021-05-06
847,臺中市豐原區圓環南路60巷42號,24H自助加水站,null,null,2021-05-06
848,臺中市豐原區豐年路66號,泳泉加水站,null,null,2021-05-06
849,臺中市豐原區豐東路171號,幸福水屋,null,null,2021-05-06
850,臺中市豐原區豐原大道五段188-3號,谷關八仙山天然泉水,null,null,2021-05-06
851,臺中市豐原區豐原大道六段378號,八仙山天然泉水加水站,null,null,2021-05-06
853,臺中市豐原區豐勢路二段1133號,谷關八仙山正統礦泉水企業社,null,null,2021-05-06
854,臺中市豐原區源豐路185號,八重山加水站,null,null,2021-05-06
855,臺中市霧峰區中正路232號,加卡多加水站,null,null,2021-05-06
856,臺中市霧峰區中正路767號,埔里青山礦泉水,null,null,2021-05-06
857,臺中市霧峰區四德路477-3號,倢聖加水站,null,null,2021-05-06
858,臺中市霧峰區四德路58號,埔里聯合泉水,null,null,2021-05-06
859,臺中市霧峰區民生路2號,埔里礦泉水,null,null,2021-05-06
860,臺中市霧峰區民生路393-11號,天然泉水,null,null,2021-05-06
861,臺中市霧峰區民生路75號,水盟企業有限公司,null,null,2021-05-06
862,臺中市霧峰區吉峰路225號,名人加水站,null,null,2021-05-06
863,臺中市霧峰區育群路25號,埔里武界山泉水,null,null,2021-05-06
864,臺中市霧峰區振德街27號,新華加水站霧峰振德店,null,null,2021-05-06
866,臺中市霧峰區草湖路71號,新華加水站,null,null,2021-05-06
867,臺中市霧峰區德維街104號,林之泉礦泉水,null,null,2021-05-06
869,臺中市霧峰區錦洲路51號,埔里清泉自助加水站,null,null,2021-05-06
